XCoord,YCoord,START_NODE,END_NODE,EDGE,LENGTH
386945.14,3946100.771,293042,290989,146521,60.295336999999996
386945.14,3946100.771,293042,292668,146522,120.60401599999999
386945.14,3946100.771,293042,295503,147753,113.88940600000001
386871.8538,3946116.3910000003,293473,292939,146737,17.698547
386871.8538,3946116.3910000003,293473,293509,146756,8.508627
386871.8538,3946116.3910000003,293473,295037,147520,56.252807
386863.4601,3946117.784,293509,292817,146755,31.378965
386863.4601,3946117.784,293509,293601,146801,29.536319
386834.3214,3946122.6139999996,293601,293628,146815,10.673328999999999
386834.3214,3946122.6139999996,293601,294230,147116,21.778116
386823.7858,3946124.3239999996,293628,291552,146814,65.98751899999999
386823.7858,3946124.3239999996,293628,294140,147070,17.3227
386704.7444,3946135.3460000004,293979,292769,146990,43.623312
386704.7444,3946135.3460000004,293979,294021,147011,102.183577
386704.7444,3946135.3460000004,293979,294398,147200,71.226791
386805.9965,3946136.6089999997,294021,292800,147012,43.941252
386805.9965,3946136.6089999997,294021,294261,147131,14.427751
386805.9965,3946136.6089999997,294021,297944,148972,145.520475
386826.5927,3946141.416,294140,294230,147115,11.974811
386838.2788,3946144.03,294230,291565,147404,182.02453500000001
386817.25700000004,3946145.6289999997,294261,291595,147132,85.97400999999999
386817.25700000004,3946145.6289999997,294261,295037,147519,64.879785
386817.25700000004,3946145.6289999997,294261,296373,148187,80.601386
386634.7021,3946148.2739999997,294398,292166,147199,73.390236
386634.7021,3946148.2739999997,294398,295232,147616,75.216927
386476.242,3946167.357,294937,292782,147469,75.165564
386476.242,3946167.357,294937,295013,147508,39.883123
386476.242,3946167.357,294937,297031,148516,80.299009
386436.532,3946171.07,295013,292882,147507,75.15345
386436.532,3946171.07,295013,295325,147663,12.860392
386876.3062,3946172.4669999997,295037,295503,147752,39.546168
386566.465,3946179.918,295232,295559,147780,15.205519
386566.465,3946179.918,295232,295787,147895,46.932052
386437.3206,3946183.9060000004,295325,295375,147689,21.596064000000002
386437.3206,3946183.9060000004,295325,297901,148951,94.883445
386415.8148,3946185.878,295375,292921,147688,88.277908
386415.8148,3946185.878,295375,295395,147699,6.8750350000000005
386415.8148,3946185.878,295375,298049,149025,98.603599
386408.9688,3946186.5089999996,295395,292941,147698,87.952752
386408.9688,3946186.5089999996,295395,298123,149062,100.28097
386911.4145,3946190.6689999998,295503,295256,147816,161.062521
386574.9646,3946192.522,295559,1016748,508385,213.953625
386525.5778,3946202.7810000004,295787,292608,147894,115.562386
386525.5778,3946202.7810000004,295787,297031,148517,62.214439
386828.2777,3946225.472,296373,296376,148188,9.452812
386828.2777,3946225.472,296373,298474,149238,72.53699999999999
386837.6413,3946224.1769999997,296376,1016825,508424,220.813891
386482.2526,3946247.4310000003,297031,298155,149079,54.816106000000005
386444.4679,3946278.52,297901,298155,149078,9.302556
386444.4679,3946278.52,297901,298375,149189,26.366940999999997
386826.2638,3946280.688,297944,298432,149216,15.721429999999998
386826.2638,3946280.688,297944,298708,149355,176.075308
386932.2958,3946282.745,298003,297421,149002,151.87841699999998
386932.2958,3946282.745,298003,298474,149239,96.002352
386932.2958,3946282.745,298003,299785,149893,57.89550799999999
386421.1365,3946284.287,298049,298123,149063,8.137972
386421.1365,3946284.287,298049,298375,149188,11.941396000000001
386413.3625,3946286.693,298123,298240,149121,11.978684
386413.3625,3946286.693,298123,298867,149434,23.450357
386445.1657,3946287.796,298155,298867,149435,38.531625
386402.0968,3946290.764,298240,292124,149120,215.39785600000002
386402.0968,3946290.764,298240,298297,149150,6.286361
386402.0968,3946290.764,298240,299018,149509,23.797086
386396.1281,3946292.7369999997,298297,292199,149149,216.16469700000002
386396.1281,3946292.7369999997,298297,299045,149524,40.427226
386828.6887,3946296.2210000004,298432,298474,149237,8.817779
386828.6887,3946296.2210000004,298432,299148,149575,155.931406
386828.6887,3946296.2210000004,298432,302368,151184,113.37570600000001
386837.4232,3946297.43,298474,302227,151114,108.15538500000001
386649.7993,3946267.248,298707,298708,149354,37.436199
386649.7993,3946267.248,298707,1016887,508444,191.244333
386651.8238,3946304.63,298708,299148,149574,29.02282
386651.8238,3946304.63,298708,299562,149781,90.36582299999999
386413.8339,3946310.139,298867,299018,149510,11.475660000000001
386413.8339,3946310.139,298867,301419,150710,72.58261800000001
386403.2333,3946314.534,299018,300216,150109,245.593397
386403.2333,3946314.534,299018,301490,150745,69.739498
386370.7033,3946315.36,299045,299046,149523,25.621886
386370.7033,3946315.36,299045,299069,149536,9.968367
386360.773,3946316.23,299069,299070,149535,25.336466
386360.773,3946316.23,299069,299834,149918,208.95245400000002
386674.4541,3946319.162,299148,299753,149877,98.727871
386142.2457,3946323.561,299275,299276,149638,66.79587099999999
386142.2457,3946323.561,299275,299513,149757,68.698349
386142.2457,3946323.561,299275,299834,149917,21.552404
386074.0168,3946331.579,299513,299547,149774,5.780022
386074.0168,3946331.579,299513,300335,150169,29.359656
386566.7364,3946332.583,299562,299840,149920,10.817812
386566.7364,3946332.583,299562,301577,150790,138.95688700000002
386970.4097,3946338.727,299737,299629,149869,76.45124399999999
386970.4097,3946338.727,299737,299785,149894,36.132642
386970.4097,3946338.727,299737,302014,151007,59.24138000000001
386578.2147,3946339.503,299753,299840,149921,7.246616
386578.2147,3946339.503,299753,300470,150235,20.597182999999998
386934.3259,3946340.605,299785,302061,151031,58.99932
386153.5714,3946341.876,299834,300216,150108,12.315487
386571.523,3946342.284,299840,300631,150316,48.706185
386571.523,3946342.284,299840,300976,150488,31.65741
386160.5462,3946352.026,300216,300627,150315,87.065748
386067.9201,3946355.3639999996,300335,297452,150168,116.138746
386067.9201,3946355.3639999996,300335,300627,150314,10.423395
386584.4768,3946359.125,300470,302448,151224,68.824467
386584.4768,3946359.125,300470,302526,151263,57.765094
386074.2912,3946363.6139999996,300627,301931,150967,135.253017
386074.2912,3946363.6139999996,300627,301995,150998,39.250223
386527.7658,3946363.675,300631,301821,150911,75.480949
386527.7658,3946363.675,300631,301964,150982,32.677153000000004
386584.1073,3946371.333,300976,301499,150750,23.166656
386584.1073,3946371.333,300976,302637,151396,77.227177
386420.8855,3946382.356,301419,301490,150746,11.707335
386420.8855,3946382.356,301419,301577,150789,24.425187
386420.8855,3946382.356,301419,301719,150860,7.532933
386409.2898,3946383.9689999996,301490,301643,150823,14.674426
386409.2898,3946383.9689999996,301490,301782,150891,7.392011
386564.7859,3946384.115,301499,302637,151319,33.76003
386564.7859,3946384.115,301499,302777,151389,49.082806
386440.5875,3946385.932,301577,301719,150861,19.876348999999998
386440.5875,3946385.932,301577,301911,150956,8.800897
386394.971,3946387.18,301643,301644,150822,80.12310699999999
386394.971,3946387.18,301643,301893,150947,6.921316
386421.1084,3946389.8860000004,301719,301782,150892,11.564238000000001
386421.1084,3946389.8860000004,301719,302041,151021,9.295081
386409.6375,3946391.352,301782,301893,150948,16.196841
386409.6375,3946391.352,301782,302162,151081,12.100710000000001
386458.2933,3946392.0069999998,301821,301911,150957,17.524774
386458.2933,3946392.0069999998,301821,302231,151117,18.375082
386393.6544,3946393.975,301893,302151,151077,56.39131999999999
386393.6544,3946393.975,301893,302223,151112,10.825496000000001
386440.9804,3946394.724,301911,302041,151022,19.065504999999998
386440.9804,3946394.724,301911,302129,151065,6.693295
386527.3949,3946396.35,301964,302990,151495,35.497334
386527.3949,3946396.35,301964,303794,151897,56.604957999999996
386091.4406,3946397.6289999997,301995,1016985,508493,15.104998000000002
386972.0765,3946397.945,302014,301926,151008,37.569266
386972.0765,3946397.945,302014,302061,151032,36.006006
386422.42100000003,3946399.088,302041,302162,151082,18.159832
386422.42100000003,3946399.088,302041,302535,151268,19.417765
386422.42100000003,3946399.088,302041,302598,151300,17.576495
386936.1075,3946399.578,302061,302227,151115,86.11576
386936.1075,3946399.578,302061,306329,153165,124.994336
386440.8214,3946401.416,302129,302231,151116,5.717663
386440.8214,3946401.416,302129,302535,151269,13.601106
386337.8691,3946402.22,302151,302152,151076,7.769264
386337.8691,3946402.22,302151,302521,151261,13.765382999999998
386337.8691,3946402.22,302151,302534,151267,96.717827
386337.1275,3946394.486,302152,1016965,508484,31.663309
386404.5536,3946402.333,302162,302223,151113,11.700279
386404.5536,3946402.333,302162,302598,151299,21.722593
386404.5536,3946402.333,302162,302894,151448,23.117159
386393.1134,3946404.787,302223,302401,151201,33.990014
386393.1134,3946404.787,302223,302431,151216,6.240349
386850.1521,3946404.8310000002,302227,306423,153212,122.86573700000001
386445.3744,3946404.874,302231,302799,151401,18.17848
386841.7467,3946408.8419999997,302368,302466,151233,64.548264
386841.7467,3946408.8419999997,302368,306006,153003,108.56832299999999
386359.5065,3946409.875,302401,302521,151262,29.828964000000003
386359.5065,3946409.875,302401,302576,151288,6.081308
386392.9124,3946411.0239999997,302431,302662,151332,7.584045
386619.6119,3946411.4039999996,302448,302526,151264,19.641102
386619.6119,3946411.4039999996,302448,304790,152395,106.46061100000001
386777.2775,3946412.037,302466,302480,151240,7.798350999999999
386777.2775,3946412.037,302466,302654,151327,6.258833
386329.891,3946413.438,302521,302783,151393,87.688632
386329.891,3946413.438,302521,304661,152331,62.265733
386600.0921,3946413.584,302526,302758,151379,9.865478999999999
386241.8348,3946413.6980000003,302534,302783,151392,8.636769000000001
386241.8348,3946413.6980000003,302534,303129,151566,139.302177
386435.1302,3946413.769,302535,302799,151400,11.535138
386435.1302,3946413.769,302535,302920,151461,12.905092999999999
386359.9913,3946415.937,302576,302662,151331,34.284890999999995
386359.9913,3946415.937,302576,304554,152277,57.578914000000005
386420.9334,3946416.6010000003,302598,302920,151460,13.578998
386420.9334,3946416.6010000003,302598,303100,151551,15.773328
386565.1932,3946417.479,302637,302777,151390,29.368265
386777.5382,3946418.29,302654,303403,151702,23.989791
386777.5382,3946418.29,302654,303403,151703,23.989791
386777.5382,3946418.29,302654,305836,152918,186.009912
386392.6652,3946418.604,302662,302808,151404,4.5671040000000005
386536.2077,3946422.164,302777,302990,151496,6.660665
386242.6509,3946422.296,302783,303373,151688,131.169923
386242.6509,3946422.296,302783,304685,152343,54.236392
386442.3255,3946422.785,302799,305759,152880,99.001081
386393.7088,3946423.05,302808,302894,151447,8.669395
386393.7088,3946423.05,302808,304458,152229,47.363566
386402.0765,3946425.317,302894,303100,151550,18.463085999999997
386402.0765,3946425.317,302894,304517,152260,46.950565999999995
386430.8036,3946425.9269999997,302920,303242,151622,11.251575
386430.8036,3946425.9269999997,302920,303538,151769,21.716831
386535.3957,3946428.775,302990,303048,151524,35.075656
386535.3957,3946428.775,302990,303234,151617,7.321358
386419.1779,3946432.277,303100,303242,151621,8.589638
386419.1779,3946432.277,303100,303835,151918,20.425337
386104.0872,3946433.543,303129,303130,151565,8.310846000000002
386104.0872,3946433.543,303129,303373,151687,10.882613000000001
386104.0872,3946433.543,303129,304094,152047,77.68735600000001
386100.0197,3946426.295,303130,1017001,508503,3.7177589999999996
386426.7092,3946436.4069999997,303242,303556,151778,7.458836
386112.7902,3946440.0760000004,303373,303879,151940,36.511707
386112.7902,3946440.0760000004,303373,305135,152568,56.631749
386774.1028,3946440.7430000002,303403,303881,151942,52.589239
386774.1028,3946440.7430000002,303403,305664,152833,170.186143
386444.0431,3946443.1410000003,303538,303556,151779,15.475142000000002
386444.0431,3946443.1410000003,303538,307498,153749,122.781653
386428.7925,3946443.5689999997,303556,303835,151919,15.856539999999999
386428.7925,3946443.5689999997,303556,303922,151961,13.688126
386511.8097,3946450.752,303794,305759,152881,63.594618999999994
386511.8097,3946450.752,303794,305963,152982,76.26665799999999
386415.63200000004,3946452.39,303835,305079,152541,37.841133
386078.7627,3946453.314,303879,304391,152197,47.737206
386078.7627,3946453.314,303879,305492,152746,49.800763
386725.6251,3946453.33,303881,303882,151941,17.896743
386725.6251,3946453.33,303881,304848,152424,29.551023999999998
386437.5552,3946454.085,303922,304549,152275,27.494373
386437.5552,3946454.085,303922,308183,154093,141.199639
386031.0709,3946460.037,304094,304391,152196,9.101118
386031.0709,3946460.037,304094,305514,152758,127.952425
386033.6003,3946468.78,304391,304833,152417,34.691790000000005
386033.6003,3946468.78,304391,305989,152995,50.410914
386389.83700000006,3946470.103,304458,304517,152259,6.681325999999999
386389.83700000006,3946470.103,304458,304554,152278,24.362714999999998
386389.83700000006,3946470.103,304458,306485,153244,63.091618000000004
386396.2703,3946471.9069999997,304517,305079,152540,18.465246
386396.2703,3946471.9069999997,304517,306565,153284,63.61649
386365.8104,3946473.139,304554,304661,152332,30.625288
386365.8104,3946473.139,304554,306115,153059,51.504984
386335.274,3946475.47,304661,304685,152344,88.310924
386335.274,3946475.47,304661,305745,152873,35.672699
386248.2932,3946476.238,304685,304788,152394,19.853019
386248.2932,3946476.238,304685,306049,153025,42.442309
386228.5863,3946478.642,304788,304890,152445,25.89988
386228.5863,3946478.642,304788,306110,153055,41.47116
386678.6507,3946478.733,304790,305906,152953,47.20963
386678.6507,3946478.733,304790,306196,153098,43.956608
386000.7787,3946480.017,304833,305844,152923,94.510074
386000.7787,3946480.017,304833,306403,153202,49.328986
386718.9083,3946480.45,304848,305606,152803,24.540748
386718.9083,3946480.45,304848,305664,152832,42.774844
386202.8769,3946481.778,304890,305135,152569,66.787892
386202.8769,3946481.778,304890,306218,153109,40.638873
386404.3502,3946488.51,305079,308041,154022,92.063663
386136.5784,3946489.848,305135,306399,153200,38.453435999999996
386094.6142,3946500.525,305492,305989,152996,46.815839000000004
386094.6142,3946500.525,305492,306852,153426,42.318794
386715.4265,3946503.5130000003,305606,305804,152902,16.379296
386715.4265,3946503.5130000003,305606,305906,152954,13.88809
386751.081,3946504.945,305664,305804,152903,27.424882
386320.815,3946508.0810000002,305745,306115,153058,26.652503000000003
386320.815,3946508.0810000002,305745,306871,153437,36.318614000000004
386486.214,3946508.9310000003,305759,309059,154530,91.77764300000001
386730.1481,3946510.6139999996,305804,306019,153010,6.483757
386615.336,3946510.668,305807,305808,152904,31.126284000000002
386615.336,3946510.668,305807,305810,152905,23.112015
386615.336,3946510.668,305807,306855,153428,33.536683000000004
386585.6082,3946506.82,305808,305963,152983,48.141178000000004
386585.6082,3946506.82,305808,306555,153279,29.98084
386809.8162,3946511.542,305836,306019,153011,79.50976700000001
386809.8162,3946511.542,305836,306173,153087,9.868934
386707.2994,3946513.723,305906,305942,152971,21.555896
386707.2994,3946513.723,305906,306360,153180,16.059078
386538.5799,3946515.873,305963,306393,153197,18.520389
386050.5238,3946516.265,305989,306403,153203,34.973467
386050.5238,3946516.265,305989,307441,153721,41.784669
386852.8624,3946516.84,306006,306173,153088,41.881644
386852.8624,3946516.84,306006,306826,153413,22.98828
386254.8035,3946518.055,306049,306110,153056,21.008447
386254.8035,3946518.055,306049,306871,153436,55.501829
386254.8035,3946518.055,306049,308027,154014,53.156560999999996
386233.8657,3946519.776,306110,306218,153110,25.594656
386344.7142,3946519.8789999997,306115,306485,153243,26.077671
386811.2351,3946521.308,306173,306191,153096,5.697159
386805.5549,3946521.7460000003,306191,306360,153223,89.349682
386805.5549,3946521.7460000003,306191,306665,153333,12.689457
386681.2644,3946521.8639999996,306196,306587,153294,12.827124000000001
386681.2644,3946521.8639999996,306196,306644,153322,13.678785000000001
386208.3717,3946522.043,306218,306399,153201,59.984869999999994
386968.4477,3946523.502,306285,306168,153143,51.211562
386968.4477,3946523.502,306285,306327,153164,27.936142999999998
386968.4477,3946523.502,306285,308292,154146,56.981203
386940.529,3946524.4889999996,306327,306329,153166,0.94179
386940.529,3946524.4889999996,306327,306882,153441,16.590871
386939.5878,3946524.5239999997,306329,306379,153190,33.60498
386717.114,3946525.113,306360,306673,153338,31.8495
386906.00399999996,3946525.716,306379,306423,153213,43.834226
386906.00399999996,3946525.716,306379,306528,153264,4.812922
386554.0557,3946526.015,306393,306555,153278,16.476288
386554.0557,3946526.015,306393,309059,154531,122.29500900000001
386148.5446,3946526.392,306399,306852,153427,42.057249
386148.5446,3946526.392,306399,308317,154159,57.116988
386017.1019,3946526.567,306403,307395,153699,94.865742
386017.1019,3946526.567,306403,307897,153949,43.107388
386862.1918,3946527.105,306423,310839,155420,124.319024
386368.904,3946529.6210000003,306485,306565,153283,6.049135
386368.904,3946529.6210000003,306485,307711,153857,37.859781
386906.7073,3946530.477,306528,306775,153388,12.701493
386906.7073,3946530.477,306528,310244,155122,104.29301600000001
386569.5243,3946531.3419999997,306555,308085,154088,72.66184200000001
386374.5803,3946531.711,306565,307851,153927,38.341633
386689.0628,3946532.0489999996,306587,306644,153323,14.234646
386689.0628,3946532.0489999996,306587,306673,153337,2.769787
386674.9235,3946533.693,306644,306855,153429,46.132554
386806.4583,3946534.4039999996,306665,306668,153334,9.97557
386806.4583,3946534.4039999996,306665,307075,153538,83.459848
386690.0915,3946534.62,306673,307157,153579,13.992767
386896.5876,3946537.7939999998,306775,306802,153401,13.757518
386896.5876,3946537.7939999998,306775,307045,153523,8.672972999999999
386884.0092,3946539.019,306802,307212,153606,11.41837
386855.5611,3946539.67,306826,308589,154295,243.874902
386855.5611,3946539.67,306826,310882,155441,112.849457
386108.8772,3946540.367,306852,307441,153722,46.366821
386108.8772,3946540.367,306852,308560,154280,46.284651000000004
386629.2873,3946540.443,306855,308085,154043,37.358776
386305.3635,3946540.9489999996,306871,307711,153856,50.918755
386305.3635,3946540.9489999996,306871,308605,154303,48.136953999999996
386900.5298,3946545.21,307045,307212,153711,25.779485
386900.5298,3946545.21,307045,310081,155042,87.240276
386723.8182,3946546.0719999997,307075,307129,153565,12.544416
386723.8182,3946546.0719999997,307075,307129,153637,13.145247
386715.3718,3946547.566,307129,307275,153639,22.311452
386693.0346,3946548.172,307157,307275,153638,3.075228
386693.0346,3946548.172,307157,307399,153715,18.541751
386882.4334,3946549.667,307212,310035,155018,81.99212
386693.3633,3946551.23,307275,307399,153700,3.022577
386693.8088,3946554.22,307399,308085,154044,88.985413
386065.0322,3946555.45,307441,307618,153809,15.250175
386479.2004,3946557.422,307498,308693,154348,95.93977199999999
386479.2004,3946557.422,307498,309364,154682,51.431497
386050.6094,3946560.405,307618,307897,153950,21.01282
386050.6094,3946560.405,307618,309287,154644,46.537603999999995
386351.2147,3946563.0939999996,307711,307851,153926,7.971319
386351.2147,3946563.0939999996,307711,309242,154622,44.939944
386358.4287,3946566.485,307851,308041,154021,10.322997
386358.4287,3946566.485,307851,309322,154662,45.180023999999996
386030.8081,3946567.437,307897,309153,154578,92.29747900000001
386251.5245,3946571.046,308027,308170,154085,36.025059999999996
386251.5245,3946571.046,308027,309523,154762,40.876422999999996
386367.4914,3946571.4280000003,308041,308183,154092,7.757173
386367.4914,3946571.4280000003,308041,310541,155272,79.301378
386215.6708,3946574.555,308170,308317,154160,42.634603999999996
386215.6708,3946574.555,308170,309902,154951,48.886818
386374.4611,3946574.833,308183,308693,154347,28.205823
386374.4611,3946574.833,308183,310617,155310,78.787848
386987.0946,3946577.3460000004,308292,307700,154147,47.327304
386987.0946,3946577.3460000004,308292,310230,155115,59.28329599999999
386173.1698,3946577.9280000003,308317,308448,154224,25.361926999999998
386173.1698,3946577.9280000003,308317,309239,154620,27.173268
386148.0142,3946581.1560000004,308448,308560,154281,24.805692
386148.0142,3946581.1560000004,308448,309511,154756,31.612816
386123.41,3946584.311,308560,309287,154645,61.519859999999994
386123.41,3946584.311,308560,309858,154929,39.370728
386617.1352,3946585.0489999996,308589,308934,514932,30.733484999999998
386286.7184,3946585.328,308605,309242,154621,46.991419
386286.7184,3946585.328,308605,309609,154806,31.547863
386399.6393,3946587.547,308693,310476,155238,58.113053
386562.2328,3946593.5810000002,308931,308932,154466,51.240008
386562.2328,3946593.5810000002,308931,308934,154467,24.827857
386562.2328,3946593.5810000002,308931,309231,154617,57.850528000000004
386502.3862,3946598.4930000002,309059,309231,154616,4.985172
386505.1014,3946602.6739999996,309231,314989,157495,170.996373
386184.0002,3946602.85,309239,309511,154757,27.923423
386184.0002,3946602.85,309239,310225,155113,33.126146000000006
386330.3106,3946602.876,309242,309322,154661,7.049611
386330.3106,3946602.876,309242,310289,155146,35.786640999999996
386065.3171,3946604.558,309287,309936,154968,63.268251
386065.3171,3946604.558,309287,310579,155290,40.164384000000005
386336.6074,3946606.046,309322,310411,155207,35.491327000000005
386491.6795,3946607.316,309364,311018,155510,54.02585799999999
386491.6795,3946607.316,309364,316474,158237,205.579166
386157.4001,3946611.3439999996,309511,309858,154930,23.660058
386247.7897,3946611.752,309523,309609,154805,27.069692
386247.7897,3946611.752,309523,309902,154952,30.294331
386274.5055,3946614.416,309609,310289,155145,45.099540999999995
386136.0736,3946621.59,309858,310579,155291,61.14135
386136.0736,3946621.59,309858,311318,155659,43.994213
386219.7706,3946623.27,309902,310225,155114,24.671309
386005.3022,3946624.585,309936,310529,155266,51.187015
386005.3022,3946624.585,309936,311370,155685,41.178621
386889.597,3946628.151,310035,310081,155041,23.322124
386889.597,3946628.151,310035,310373,155187,8.771129
386910.0091,3946629.245,310081,310244,155143,16.365682999999997
386197.2001,3946633.232,310225,311005,155503,24.538996
386921.9347,3946633.653,310244,310654,155327,10.766497
386314.6149,3946635.037,310289,310411,155206,7.095888
386314.6149,3946635.037,310289,311854,155928,42.795168
386321.0805,3946637.961,310411,310541,155271,10.109226
386321.0805,3946637.961,310411,311954,155978,42.341449
386374.4322,3946639.9080000003,310476,311018,155509,100.369012
386374.4322,3946639.9080000003,310476,311071,155537,18.843764
386330.5244,3946641.567,310541,310617,155309,6.1321769999999995
386330.5244,3946641.567,310541,312106,156054,42.666769
386078.6046,3946642.46,310579,311370,155686,64.512352
386078.6046,3946642.46,310579,312213,156107,43.776132000000004
386336.2649,3946643.724,310617,311071,155536,32.752382
386336.2649,3946643.724,310617,314248,157124,100.855468
386923.5006,3946644.305,310654,310230,155328,83.71051
386923.5006,3946644.305,310654,310664,155332,1.323193
386922.1901,3946644.488,310664,310839,155421,42.623084000000006
386922.1901,3946644.488,310664,313558,156779,73.14373
386879.9448,3946650.15,310839,310882,155442,9.433943
386879.9448,3946650.15,310839,317989,158995,178.673928
386870.6096,3946651.5110000004,310882,313512,156756,64.867519
386861.8813,3946653.608,310963,310964,155482,0.426296
386861.4593,3946653.668,310964,311404,155702,79.218868
386861.4593,3946653.668,310964,311407,155704,97.433212
386861.4593,3946653.668,310964,311817,155910,88.353709
386208.3353,3946655.099,311005,311112,155556,51.19323
386208.3353,3946655.099,311005,311318,155660,57.265308
386208.3353,3946655.099,311005,313045,156523,51.746139
386473.5803,3946655.515,311018,314233,157117,83.48490600000001
386366.2562,3946656.8860000004,311071,314498,157250,95.69655999999999
386257.6998,3946658.184,311112,311854,155927,42.762634999999996
386257.6998,3946658.184,311112,313167,156585,50.962614
386151.5846,3946662.7589999996,311318,312213,156108,62.416174
386151.5846,3946662.7589999996,311318,313045,156624,100.041044
386017.7382,3946663.841,311370,313148,156574,42.776919
386783.0399,3946664.895,311404,311407,155705,0.772565
386782.2754,3946665.006,311407,311416,155708,0.943333
386782.2754,3946665.006,311407,311817,155909,8.735776
386781.3419,3946665.142,311416,311581,155791,37.534302000000004
386781.3419,3946665.142,311416,311581,155792,19.335094
386781.3419,3946665.142,311416,311931,155968,28.20477
386762.2089,3946667.93,311581,311586,155793,0.06813999999999999
386762.2089,3946667.93,311581,311931,155967,8.837541
386762.1415,3946667.94,311586,311598,155799,2.396925
386762.1415,3946667.94,311586,311931,155966,8.837494
386762.1415,3946667.94,311586,312562,156281,120.78023999999999
386759.7696,3946668.2860000003,311598,311792,155896,35.268859
386297.3518,3946674.1960000005,311854,311954,155977,7.79145
386297.3518,3946674.1960000005,311854,313701,156852,50.894353
386763.4437,3946676.6810000003,311931,314060,157162,284.44042
386304.6304,3946676.9760000003,311954,312106,156053,10.442378
386304.6304,3946676.9760000003,311954,313807,156905,51.329521
386314.2609,3946681.0130000003,312106,314273,157137,61.166928000000006
386092.8422,3946683.856,312213,313148,156575,66.07163
386727.0078,3946690.613,312562,314060,157030,97.260582
386230.1485,3946702.023,313045,313167,156584,8.37807
386030.1683,3946704.772,313148,313439,156720,30.41112
386237.9204,3946705.152,313167,313455,156728,21.764439000000003
386662.7658,3946678.795,313213,313214,156607,28.126776
386669.0273,3946706.216,313214,313609,156806,67.484649
386669.0273,3946706.216,313214,314714,157357,42.920514000000004
386000.8185,3946712.736,313439,313605,156804,20.847738
386000.8185,3946712.736,313439,315459,157731,98.663731
386258.1145,3946713.269,313455,313701,156851,20.989056
386258.1145,3946713.269,313455,314801,157402,39.497405
386881.6983,3946715.4239999996,313512,315104,157584,276.049511
386881.6983,3946715.4239999996,313512,318028,159014,113.87381599999999
386934.5323,3946716.583,313558,313081,156780,93.062365
386934.5323,3946716.583,313558,315658,157829,54.124756000000005
386602.6173,3946718.212,313609,313610,156805,26.774346
386602.6173,3946718.212,313609,315104,157553,39.177438
386277.5895,3946721.0960000004,313701,313807,156904,8.323094000000001
386277.5895,3946721.0960000004,313701,314198,157099,15.924356
386285.1927,3946724.483,313807,315249,157626,38.87873
386724.8389,3946732.163,314060,314714,157358,54.404081999999995
386271.6491,3946735.8710000003,314198,314230,157115,2.197768
386271.6491,3946735.8710000003,314198,315135,157569,23.506535999999997
386273.6612,3946736.755,314230,314744,157372,12.653114
386461.1932,3946736.9669999997,314233,315575,157789,49.421351
386461.1932,3946736.9669999997,314233,317287,158644,93.53214
386298.9435,3946737.098,314248,314357,157180,3.0436509999999997
386298.9435,3946737.098,314248,314498,157249,28.475381
386291.5649,3946737.813,314273,314357,157179,6.767927
386291.5649,3946737.813,314273,316397,158199,56.312304000000005
386297.9755,3946739.983,314357,314647,157324,28.063009
386297.9755,3946739.983,314357,314657,157330,7.623164
386326.5727,3946743.966,314498,314647,157325,3.0502990000000003
386482.8782,3946746.297,314629,314630,157315,20.149075
386482.8782,3946746.297,314629,314751,157376,3.557464
386482.8782,3946746.297,314629,316832,158416,70.004116
386325.2224,3946746.702,314647,314707,157354,55.88900699999999
386325.2224,3946746.702,314647,316430,158284,78.57002
386295.1507,3946747.064,314657,314658,157329,2.942066
386295.1507,3946747.064,314657,315635,157819,24.431003
386292.4118,3946745.9889999996,314658,315579,157790,24.428269
386379.3168,3946748.0069999998,314707,315575,157788,49.134405
386678.5237,3946748.0730000003,314714,315006,157503,36.406788
386268.8403,3946748.454,314744,1017294,508647,20.910472
386243.2363,3946749.857,314801,314802,157401,7.4222649999999994
386243.2363,3946749.857,314801,315135,157568,21.147853
386583.4074,3946754.588,314989,315104,157552,26.238618
386583.4074,3946754.588,314989,316329,158165,34.302051
386262.8833,3946757.682,315135,315249,157625,7.45003
386262.8833,3946757.682,315135,318042,159021,76.78517099999999
386915.1529,3946757.5310000004,315243,315244,157622,12.948959
386915.1529,3946757.5310000004,315243,315719,157860,28.338603999999997
386915.1529,3946757.5310000004,315243,316147,158074,27.229113
386269.8871,3946760.222,315249,318004,159002,73.1621
386422.9518,3946768.273,315575,317328,158664,55.523024
386282.6575,3946768.3789999997,315579,315635,157818,3.3612050000000004
386285.7788,3946769.626,315635,316212,158106,16.900869
386941.5339,3946770.253,315658,315719,157861,12.648446
386941.5339,3946770.253,315658,318932,159466,80.708129
386928.9471,3946771.5,315719,316000,158000,7.838052
386279.3878,3946785.272,316212,316430,158216,5.61378
386590.9315,3946788.006,316329,316474,158238,9.453729
386590.9315,3946788.006,316329,320597,160299,108.27186200000001
386269.9394,3946789.808,316397,316430,158215,7.438042
386269.9394,3946789.808,316397,322225,161114,151.424607
386277.3451,3946790.501,316430,322269,161206,216.576227
386582.027,3946791.1810000003,316474,317479,158741,63.472477000000005
386582.027,3946791.1810000003,316474,322740,161370,218.74382999999997
386528.9364,3946798.98,316832,317140,158570,7.391265
386519.6071,3946810.015,317287,317479,158740,5.468062000000001
386519.6071,3946810.015,317287,320416,160209,142.16591499999998
386387.9703,3946810.952,317328,320012,160006,72.703085
386387.9703,3946810.952,317328,320012,160007,85.594408
386523.0205,3946814.287,317479,320640,160321,145.54407
386907.63,3946826.6610000003,317989,318028,159015,9.175085000000001
386907.63,3946826.6610000003,317989,319155,159578,29.337837
386240.7778,3946827.3439999996,318004,318042,159022,7.698582000000001
386240.7778,3946827.3439999996,318004,320600,160300,68.353998
386898.5576,3946828.03,318028,318790,159395,133.95668600000002
386898.5576,3946828.03,318028,319134,159567,27.513021999999996
386233.1499,3946828.3839999996,318042,318054,159059,126.557957
386233.1499,3946828.3839999996,318042,321260,160631,156.270971
386093.4939,3946738.994,318053,318054,159027,91.251467
386107.81299999997,3946828.4910000004,318054,321260,160630,83.817362
386765.9961,3946847.311,318790,319010,159505,122.72835400000001
386765.9961,3946847.311,318790,319010,159506,30.050538
386951.9849,3946850.2810000004,318932,319155,159579,39.438914000000004
386951.9849,3946850.2810000004,318932,319392,159696,10.732923
386736.2556,3946851.617,319010,320736,160368,43.743279
386903.2571,3946855.1380000003,319134,321238,160619,57.524128000000005
386912.8948,3946855.515,319155,319621,159811,10.955098
386953.3696,3946860.9239999996,319392,319621,159812,38.319825
386953.3696,3946860.9239999996,319392,320314,160157,22.897123999999998
386915.4115,3946866.1769999997,319621,320833,160417,33.267741
386396.2593,3946875.133,320012,320416,160208,10.550464
386869.7427,3946867.39,320231,320232,160116,135.871266
386869.7427,3946867.39,320231,320232,160117,100.062655
386869.7427,3946867.39,320231,320556,160407,123.071996
386770.6373,3946881.1980000003,320232,320556,160278,7.968886
386928.6,3946883.0710000005,320293,320294,160147,13.983260999999999
386928.6,3946883.0710000005,320293,321128,508789,50.097242
386956.338,3946883.628,320314,319615,160158,95.616209
386956.338,3946883.628,320314,320833,160418,33.316796999999994
386399.0239,3946885.315,320416,320640,160320,6.754771000000001
386399.0239,3946885.315,320416,322269,161136,110.85095600000001
386771.8783,3946889.07,320556,320736,160369,32.249385
386622.0953,3946891.088,320597,322561,161281,153.311028
386216.2614,3946891.1010000003,320600,321242,160621,39.589746000000005
386216.2614,3946891.1010000003,320600,321729,160866,32.187677
386400.0507,3946891.9910000004,320640,322136,161068,74.089647
386740.1951,3946895.086,320736,322561,161282,47.885552000000004
386927.7819,3946897.059,320833,321238,160620,15.362160999999999
386927.7819,3946897.059,320833,321333,160668,16.711160999999997
386892.5144,3946905.994,321127,321128,160564,10.877382
386919.7911,3946910.151,321238,321333,160667,15.638281
386919.7911,3946910.151,321238,321748,160874,13.969847
386919.7911,3946910.151,321238,322340,161170,142.394348
386181.8235,3946910.345,321242,321536,160769,58.464285
386181.8235,3946910.345,321242,321729,160865,30.718465000000002
386124.4731,3946910.6360000004,321260,321536,160768,7.678559
386934.3149,3946912.441,321333,323733,161867,59.050247999999996
386125.8192,3946918.195,321536,323151,161577,81.53684100000001
386209.9111,3946922.655,321729,322225,161113,16.448745000000002
386209.9111,3946922.655,321729,322296,161149,12.309343
386925.1248,3946923.063,321748,322819,161410,28.391306
386925.1248,3946923.063,321748,327064,163532,155.22395500000002
386895.1222,3946923.8219999997,321783,321784,160892,24.310759
386126.8636,3946925.515,322093,322094,161047,4.105875
386126.8636,3946925.515,322093,322296,161148,89.553656
386126.8636,3946925.515,322093,323253,161627,67.886845
386127.4497,3946929.578,322094,322095,161048,18.104155
386127.4497,3946929.578,322094,323419,161711,66.821556
386127.4497,3946929.578,322094,324060,162030,46.812737
386144.0207,3946922.7430000002,322095,322535,161268,61.149693000000006
386144.0207,3946922.7430000002,322095,325286,162644,90.706797
386336.945,3946930.7589999996,322136,322468,161234,9.900986999999999
386336.945,3946930.7589999996,322136,322773,161388,51.293161
386222.9408,3946932.6939999997,322225,322580,161291,9.46428
386222.9408,3946932.6939999997,322225,322773,161387,67.282557
386103.958,3946902.878,322259,322260,161130,69.236769
386042.1601,3946934.099,322260,322370,161185,35.688796999999994
386042.1601,3946934.099,322260,323151,161576,22.893898
386300.2883,3946934.378,322269,322270,161135,89.190085
386209.3894,3946934.953,322296,322580,161290,15.636660999999998
386209.3894,3946934.953,322296,323530,161765,27.829501
386779.8804,3946936.625,322340,322561,161283,30.572158
386779.8804,3946936.625,322340,323679,161841,34.788574
386341.6015,3946939.497,322468,325238,162619,81.844709
386341.6015,3946939.497,322468,328139,164070,247.78257200000002
386749.7825,3946941.9889999996,322561,322740,161371,50.938831
386749.7825,3946941.9889999996,322561,323526,161764,21.319366
386749.7825,3946941.9889999996,322561,323679,161840,29.90584
386223.27,3946942.153,322580,322957,161495,54.619762
386223.27,3946942.153,322580,323825,161913,27.421007
386699.3923,3946945.66,322740,322848,161424,16.615876
386288.1002,3946946.249,322773,322957,161479,11.880281
386911.5749,3946946.809,322819,324318,162160,96.358623
386911.5749,3946946.809,322819,326736,163369,122.017443
386715.8532,3946947.9239999996,322848,323526,161763,41.076817999999996
386715.8532,3946947.9239999996,322848,326085,163043,160.425668
386276.756,3946949.778,322957,323825,161914,56.688407999999995
386052.7499,3946954.375,323151,324151,162077,53.598833
386066.5776,3946956.727,323253,323419,161710,3.580482
386066.5776,3946956.727,323253,328711,164357,331.648435
386067.9688,3946960.026,323419,324619,162310,40.157026
386067.9688,3946960.026,323419,327856,163928,274.968615
386753.33200000005,3946962.6560000004,323526,330156,165078,186.561462
386211.3192,3946962.662,323530,325777,162890,75.39885799999999
386211.3192,3946962.662,323530,326564,163283,93.536766
386766.1135,3946966.0539999995,323679,326249,163125,77.191195
386956.5124,3946967.16,323733,322782,161868,106.04422199999999
386956.5124,3946967.16,323733,326915,163458,102.422947
386225.1319,3946969.5069999998,323825,326459,163230,82.99438599999999
386126.5461,3946976.3819999998,324060,324619,162311,45.30253
386126.5461,3946976.3819999998,324060,325168,162584,33.750103
386004.9969,3946978.716,324151,322485,162076,43.988376
386004.9969,3946978.716,324151,325980,162991,119.86721200000001
386800.781,3946960.51,324317,324318,162159,59.244955000000004
386800.781,3946960.51,324317,324586,162564,90.929785
386837.3763,3946984.095,324318,324586,162293,10.534132000000001
386838.4331,3946994.5760000004,324586,325152,162576,34.178243
386085.7313,3946996.041,324619,326571,163286,74.27291600000001
386807.9892,3946187.203,1016747,1016748,508374,26.570919
386807.9892,3946187.203,1016747,1016789,508414,282.866167
386807.9892,3946187.203,1016747,1016964,508482,612.228652
386352.6726,3946217.945,1016785,1016786,508393,30.657429999999998
386511.87799999997,3946316.287,1016887,1016905,508454,30.843925
386490.5501,3946338.5689999997,1016905,1016797,508453,658.257881
386490.5501,3946338.5689999997,1016905,1016965,508483,197.423223
386265.0192,3946389.5889999997,1016964,1016965,508485,42.260385
386265.0192,3946389.5889999997,1016964,1016980,508490,141.811813
386265.0192,3946389.5889999997,1016964,1016989,508496,170.56371000000001
386306.2066,3946393.64,1016965,1017001,508502,209.562088
386125.404,3946399.878,1016980,1016985,508494,32.053902
386095.7713,3946412.099,1016985,1016989,508495,2.35621
386095.7713,3946412.099,1016985,1016998,508499,15.391478
386096.4468,3946414.357,1016989,1016998,508500,15.33561
386096.4468,3946414.357,1016989,1017001,508501,8.743944
386081.5424,3946417.9680000003,1016998,1017016,508508,75.578538
386098.9538,3946422.7339999997,1017001,1017019,508510,98.301682
386010.5374,3946443.86,1017016,1017046,508524,111.486558
386005.4303,3946453.0,1017019,1017060,508531,104.421102
